Rhiannon,Leannon,leila@christiansen.org,(827) 754-8680,2016-04-24
Sydnie,Waelchi,cheyanne.yundt@farrellschmidt.biz,428.291.5699,2016-03-19
Nadia,Waters,kenyon@auer.name,(489) 761-3427,2016-04-08
Devin,Donnelly,austyn@prosacco.io,(486) 919-0962,2016-04-23
Timmy,Rosenbaum,laury@naderroob.net,(806) 716-1903,2016-03-25
Octavia,Hegmann,augustus_fritsch@klein.org,(494) 935-4412,2016-04-11
Clemens,Raynor,woodrow.raynor@sporerbergnaum.org,838-745-6054,2016-03-23
Johnny,Beer,hobart@pourochuster.biz,1-952-506-6455,2016-03-19
Zula,Gusikowski,vincenza@ondricka.net,1-599-077-6165,2016-04-15
Giovani,Dicki,kenyon_rolfson@schinnerlabadie.biz,825.479.0365,2016-03-14
