Josianne,Gutmann,rose@schambergerbauch.org,(429) 102-9920,Estoy editando
Halie,Satterfield,willis@eichmanngibson.io,559-536-0290,Estoy editando
Violet,Von,ethan.wintheiser@brekke.com,(736) 896-8590,Estoy editando
Omari,McDermott,hannah@heathcotelang.biz,689-037-4595,Estoy editando
Orlo,Hahn,adriel@kshlerinbayer.name,593-701-5252,Estoy editando
Ephraim,Crona,tyler@mayer.org,917-940-9894,Estoy editando
Ellen,Eichmann,delaney.klein@kunde.info,1-379-602-9175,Estoy editando
Candelario,Rodriguez,lance@weinat.org,416-617-7976,Estoy editando
Alisha,Russel,brent.nitzsche@kelerleannon.net,824.737.7346,Estoy editando
Kellen,Conn,casimer_breitenberg@aufderharheaney.org,(191) 829-1819,Estoy editando
